20.0,40,2.0,2.0,-4.0,4.0,1.0,41.59266862170088,0.890811339198436,0.0729227761485826,0.016911045943304007,153894
20.0,60,2.0,2.0,-4.0,4.0,1.0,40.09462365591398,0.9321603128054741,0.04711632453567938,0.009775171065493646,238825
20.0,80,2.0,2.0,-4.0,4.0,1.0,38.90293255131965,0.9526881720430107,0.03421309872922776,0.006744868035190616,297570
20.0,40,1.75,2.25,-4.0,4.0,1.0,41.565298142717495,0.8732160312805474,0.0790811339198436,0.021309872922776148,159564
20.0,60,1.75,2.25,-4.0,4.0,1.0,39.86060606060606,0.9165200391006842,0.0552297165200391,0.013978494623655914,230236
20.0,80,1.75,2.25,-4.0,4.0,1.0,38.76207233626589,0.9367546432062561,0.0436950146627566,0.00967741935483871,299622
20.0,40,1.5,2.5,-4.0,4.0,1.0,41.766862170087975,0.8459433040078201,0.08944281524926687,0.02854349951124145,158424
20.0,60,1.5,2.5,-4.0,4.0,1.0,40.17253176930596,0.9022482893450635,0.06265884652981427,0.01739980449657869,228810
20.0,80,1.5,2.5,-4.0,4.0,1.0,39.09149560117302,0.9282502443792766,0.04936461388074291,0.00997067448680352,296811
20.0,40,1.0,3.0,-4.0,4.0,1.0,43.339784946236556,0.7935483870967742,0.10557184750733138,0.03675464320625611,164083
20.0,60,1.0,3.0,-4.0,4.0,1.0,42.035483870967745,0.8560117302052785,0.08396871945259042,0.02463343108504399,3424934
20.0,80,1.0,3.0,-4.0,4.0,1.0,41.04828934506354,0.8944281524926686,0.06617790811339198,0.017497556207233627,311621
20.0,40,0.5,3.5,-4.0,4.0,1.0,31.291104594330402,0.3370478983382209,0.056109481915933526,0.021700879765395895,121750
20.0,60,0.5,3.5,-4.0,4.0,1.0,31.150048875855326,0.3770283479960899,0.042619745845552295,0.014956011730205278,181492
20.0,80,0.5,3.5,-4.0,4.0,1.0,31.51544477028348,0.41143695014662757,0.03988269794721408,0.010654936461388074,244491
20.0,40,0.0,4.0,-4.0,4.0,1.0,19.45522971652004,0.020039100684261974,0.0032258064516129032,9.775171065493646E-4,79415
20.0,60,0.0,4.0,-4.0,4.0,1.0,19.271065493646137,0.014956011730205278,0.0016617790811339198,6.842619745845552E-4,118027
20.0,80,0.0,4.0,-4.0,4.0,1.0,19.18318670576735,0.010948191593352884,0.0017595307917888563,2.932551319648094E-4,156670
20.0,40,2.0,2.0,-6.0,6.0,1.0,44.43597262952102,0.8730205278592376,0.0780058651026393,0.02179863147605083,166910
20.0,60,2.0,2.0,-6.0,6.0,1.0,42.83646138807429,0.9140762463343108,0.05747800586510264,0.014760508308895406,241184
20.0,80,2.0,2.0,-6.0,6.0,1.0,41.90273704789834,0.941544477028348,0.041544477028347994,0.008699902248289345,314614
20.0,40,1.75,2.25,-6.0,6.0,1.0,44.48631476050831,0.8419354838709677,0.09120234604105572,0.028054740957966763,166770
20.0,60,1.75,2.25,-6.0,6.0,1.0,42.90557184750733,0.8965786901270772,0.06695992179863147,0.015640273704789834,241354
20.0,80,1.75,2.25,-6.0,6.0,1.0,41.841837732160315,0.9213098729227761,0.05395894428152493,0.012609970674486803,314193
20.0,40,1.5,2.5,-6.0,6.0,1.0,44.764613880742914,0.8058651026392962,0.10166177908113393,0.036852394916911044,167777
20.0,60,1.5,2.5,-6.0,6.0,1.0,43.3514173998045,0.8741935483870967,0.07497556207233627,0.02375366568914956,243873
20.0,80,1.5,2.5,-6.0,6.0,1.0,42.42453567937439,0.901564027370479,0.06392961876832845,0.015640273704789834,317972
20.0,40,1.0,3.0,-6.0,6.0,1.0,43.97194525904203,0.6690127077223852,0.10791788856304986,0.041348973607038125,165309
20.0,60,1.0,3.0,-6.0,6.0,1.0,43.658944281524924,0.7496578690127077,0.09247311827956989,0.03245356793743891,246238
20.0,80,1.0,3.0,-6.0,6.0,1.0,43.341055718475076,0.80772238514174,0.07008797653958944,0.0238514173998045,325222
20.0,40,0.5,3.5,-6.0,6.0,1.0,20.62991202346041,0.04310850439882698,0.00801564027370479,0.0030303030303030303,82696
20.0,60,0.5,3.5,-6.0,6.0,1.0,20.442228739002932,0.04349951124144673,0.005962854349951125,0.0020527859237536657,122937
20.0,80,0.5,3.5,-6.0,6.0,1.0,20.43822091886608,0.04613880742913001,0.004105571847507331,0.001466275659824047,164370
20.0,40,0.0,4.0,-6.0,6.0,1.0,19.564125122189637,0.016422287390029325,0.003421309872922776,9.775171065493646E-4,78881
20.0,60,0.0,4.0,-6.0,6.0,1.0,19.27956989247312,0.010752688172043012,0.0019550342130987292,7.820136852394917E-4,116684
20.0,80,0.0,4.0,-6.0,6.0,1.0,19.19941348973607,0.009481915933528836,6.842619745845552E-4,6.842619745845552E-4,154990
20.0,40,2.0,2.0,-4.0,4.0,0.75,43.93538611925709,0.16207233626588466,0.10283479960899315,0.07751710654936461,169358
20.0,60,2.0,2.0,-4.0,4.0,0.75,43.69745845552297,0.24819159335288368,0.14076246334310852,0.10205278592375366,252861
20.0,80,2.0,2.0,-4.0,4.0,0.75,43.39169110459433,0.32316715542521995,0.17653958944281525,0.10713587487781036,334447
20.0,40,1.75,2.25,-4.0,4.0,0.75,43.74789833822092,0.1747800586510264,0.11642228739002933,0.08563049853372434,168707
20.0,60,1.75,2.25,-4.0,4.0,0.75,43.34027370478984,0.2822091886608016,0.15962854349951125,0.09804496578690126,250603
20.0,80,1.75,2.25,-4.0,4.0,0.75,43.170772238514175,0.3729227761485826,0.17888563049853373,0.10547409579667644,332899
20.0,40,1.5,2.5,-4.0,4.0,0.75,43.51925708699902,0.20606060606060606,0.12424242424242424,0.0898338220918866,167658
20.0,60,1.5,2.5,-4.0,4.0,0.75,43.12150537634409,0.30957966764418376,0.1694037145650049,0.1047898338220919,249343
20.0,80,1.5,2.5,-4.0,4.0,0.75,42.710166177908114,0.40205278592375365,0.1863147605083089,0.10234604105571847,328902
20.0,40,1.0,3.0,-4.0,4.0,0.75,43.10381231671554,0.23812316715542522,0.13636363636363635,0.09110459433040079,166188
20.0,60,1.0,3.0,-4.0,4.0,0.75,42.683968719452594,0.36197458455522974,0.16764418377321602,0.10488758553274682,246393
20.0,80,1.0,3.0,-4.0,4.0,0.75,42.0900293255132,0.4520039100684262,0.18211143695014662,0.10029325513196481,324024
20.0,40,0.5,3.5,-4.0,4.0,0.75,42.91593352883675,0.24105571847507332,0.13910068426197458,0.09217986314760508,165686
20.0,60,0.5,3.5,-4.0,4.0,0.75,42.33274682306941,0.38181818181818183,0.1652003910068426,0.10087976539589442,244575
20.0,80,0.5,3.5,-4.0,4.0,0.75,41.63372434017595,0.4793743890518084,0.17497556207233628,0.09149560117302052,321363
20.0,40,0.0,4.0,-4.0,4.0,0.75,41.38484848484848,0.22297165200391006,0.12130987292277615,0.08758553274682307,160290
20.0,60,0.0,4.0,-4.0,4.0,0.75,40.85826001955034,0.34965786901270773,0.15337243401759532,0.09022482893450635,237333
20.0,80,0.0,4.0,-4.0,4.0,0.75,40.07663734115347,0.4311827956989247,0.16080156402737047,0.0823069403714565,310740
20.0,40,2.0,2.0,-6.0,6.0,0.75,44.38230694037146,0.16490713587487782,0.10782013685239492,0.07458455522971652,170499
20.0,60,2.0,2.0,-6.0,6.0,0.75,44.058162267839684,0.2541544477028348,0.14838709677419354,0.10009775171065494,253651
20.0,80,2.0,2.0,-6.0,6.0,0.75,43.88621700879765,0.33264907135874877,0.16911045943304007,0.10987292277614859,337100
20.0,40,1.75,2.25,-6.0,6.0,0.75,44.15298142717498,0.1866080156402737,0.12072336265884653,0.08651026392961877,169738
20.0,60,1.75,2.25,-6.0,6.0,0.75,43.86324535679374,0.2813294232649071,0.1689149560117302,0.10566959921798631,252514
20.0,80,1.75,2.25,-6.0,6.0,0.75,43.59325513196481,0.3787878787878788,0.18455522971652005,0.10263929618768329,334586
20.0,40,1.5,2.5,-6.0,6.0,0.75,44.03245356793744,0.21085043988269794,0.1321603128054741,0.0866080156402737,168946
20.0,60,1.5,2.5,-6.0,6.0,0.75,43.518768328445745,0.32072336265884654,0.16226783968719452,0.1043010752688172,250521
20.0,80,1.5,2.5,-6.0,6.0,0.75,43.17204301075269,0.4120234604105572,0.1906158357771261,0.10400782013685239,331084
20.0,40,1.0,3.0,-6.0,6.0,0.75,43.75962854349951,0.2378299120234604,0.13949169110459433,0.09393939393939393,167928
20.0,60,1.0,3.0,-6.0,6.0,0.75,43.249169110459434,0.3675464320625611,0.17419354838709677,0.09912023460410557,248669
20.0,80,1.0,3.0,-6.0,6.0,0.75,42.733724340175954,0.46520039100684263,0.1826001955034213,0.1,327723
20.0,40,0.5,3.5,-6.0,6.0,0.75,43.49227761485826,0.2591397849462366,0.13685239491691104,0.09149560117302052,166319
20.0,60,0.5,3.5,-6.0,6.0,0.75,42.78396871945259,0.39100684261974583,0.16911045943304007,0.09589442815249268,246049
20.0,80,0.5,3.5,-6.0,6.0,0.75,42.284946236559136,0.49472140762463346,0.1742913000977517,0.08895405669599218,323842
20.0,40,0.0,4.0,-6.0,6.0,0.75,41.72375366568915,0.23685239491691104,0.12130987292277615,0.08269794721407625,160345
20.0,60,0.0,4.0,-6.0,6.0,0.75,40.90576735092864,0.3572825024437928,0.15043988269794722,0.08387096774193549,235529
20.0,80,0.0,4.0,-6.0,6.0,0.75,40.36793743890518,0.43411534701857285,0.15718475073313784,0.08377321603128055,310627
20.0,40,2.0,2.0,-4.0,4.0,0.5,40.62258064516129,0.011534701857282503,0.00997067448680352,0.010459433040078202,156631
20.0,60,2.0,2.0,-4.0,4.0,0.5,40.68162267839687,0.01994134897360704,0.01573802541544477,0.013978494623655914,235407
20.0,80,2.0,2.0,-4.0,4.0,0.5,40.50869990224829,0.02854349951124145,0.020136852394916912,0.02375366568914956,312254
20.0,40,1.75,2.25,-4.0,4.0,0.5,40.61945259042033,0.01192570869990225,0.013880742913000978,0.009579667644183774,156873
20.0,60,1.75,2.25,-4.0,4.0,0.5,40.56060606060606,0.02043010752688172,0.01827956989247312,0.016617790811339198,234745
20.0,80,1.75,2.25,-4.0,4.0,0.5,40.45004887585533,0.03333333333333333,0.028641251221896383,0.024144672531769305,311943
20.0,40,1.5,2.5,-4.0,4.0,0.5,40.473118279569896,0.014565004887585532,0.012414467253176931,0.013880742913000978,156165
20.0,60,1.5,2.5,-4.0,4.0,0.5,40.3355816226784,0.026392961876832845,0.021896383186705767,0.019843597262952102,233080
20.0,80,1.5,2.5,-4.0,4.0,0.5,40.4197458455523,0.03743890518084066,0.028836754643206255,0.02903225806451613,311162
20.0,40,1.0,3.0,-4.0,4.0,0.5,40.1366568914956,0.01857282502443793,0.017204301075268817,0.013489736070381233,154203
20.0,60,1.0,3.0,-4.0,4.0,0.5,40.24652981427175,0.03421309872922776,0.02854349951124145,0.025513196480938416,232146
20.0,80,1.0,3.0,-4.0,4.0,0.5,40.19843597262952,0.04936461388074291,0.03978494623655914,0.03343108504398827,308566
20.0,40,0.5,3.5,-4.0,4.0,0.5,40.075268817204304,0.017595307917888565,0.01739980449657869,0.01847507331378299,153894
20.0,60,0.5,3.5,-4.0,4.0,0.5,39.94046920821114,0.03900293255131965,0.029423264907135874,0.024828934506353862,229870
20.0,80,0.5,3.5,-4.0,4.0,0.5,39.82991202346041,0.0563049853372434,0.049071358748778104,0.03695014662756598,305005
20.0,40,0.0,4.0,-4.0,4.0,0.5,39.480645161290326,0.02326490713587488,0.021994134897360705,0.017497556207233627,149929
20.0,60,0.0,4.0,-4.0,4.0,0.5,39.39286412512219,0.04105571847507331,0.03479960899315738,0.0270772238514174,224215
20.0,80,0.0,4.0,-4.0,4.0,0.5,39.221114369501464,0.06168132942326491,0.04975562072336266,0.03695014662756598,297051
20.0,40,2.0,2.0,-6.0,6.0,0.5,40.740273704789836,0.009579667644183774,0.010557184750733138,0.008797653958944282,157964
20.0,60,2.0,2.0,-6.0,6.0,0.5,40.78690127077224,0.018670576735092863,0.017204301075268817,0.016129032258064516,236824
20.0,80,2.0,2.0,-6.0,6.0,0.5,40.74457478005865,0.02375366568914956,0.02355816226783969,0.020234604105571846,315253
20.0,40,1.75,2.25,-6.0,6.0,0.5,40.70596285434995,0.012903225806451613,0.010654936461388074,0.010361681329423266,157489
20.0,60,1.75,2.25,-6.0,6.0,0.5,40.69618768328446,0.021700879765395895,0.01857282502443793,0.016715542521994135,236255
20.0,80,1.75,2.25,-6.0,6.0,0.5,40.820918866080156,0.029912023460410556,0.02766373411534702,0.025024437927663734,315712
20.0,40,1.5,2.5,-6.0,6.0,0.5,40.585043988269796,0.014271749755620724,0.013196480938416423,0.009872922776148582,156898
20.0,60,1.5,2.5,-6.0,6.0,0.5,40.65278592375367,0.024144672531769305,0.020625610948191594,0.01739980449657869,235732
20.0,80,1.5,2.5,-6.0,6.0,0.5,40.708993157380256,0.03890518084066471,0.03118279569892473,0.028054740957966763,314365
20.0,40,1.0,3.0,-6.0,6.0,0.5,40.53069403714565,0.020136852394916912,0.014956011730205278,0.014467253176930596,156458
20.0,60,1.0,3.0,-6.0,6.0,0.5,40.41573802541544,0.029521016617790812,0.02873900293255132,0.023655913978494623,233978
20.0,80,1.0,3.0,-6.0,6.0,0.5,40.46588465298143,0.04721407624633431,0.03773216031280548,0.03470185728250244,312181
20.0,40,0.5,3.5,-6.0,6.0,0.5,40.370478983382206,0.020136852394916912,0.020527859237536656,0.014271749755620724,155922
20.0,60,0.5,3.5,-6.0,6.0,0.5,40.33382209188661,0.03773216031280548,0.032551319648093845,0.026881720430107527,233548
20.0,80,0.5,3.5,-6.0,6.0,0.5,40.19931573802542,0.05464320625610948,0.04594330400782014,0.03782991202346041,309792
20.0,40,0.0,4.0,-6.0,6.0,0.5,39.668132942326494,0.02209188660801564,0.021407624633431085,0.019452590420332354,153194
20.0,60,0.0,4.0,-6.0,6.0,0.5,39.938318670576734,0.037341153470185726,0.03479960899315738,0.02825024437927664,231625
20.0,80,0.0,4.0,-6.0,6.0,0.5,39.747605083088956,0.06304985337243402,0.055034213098729225,0.04115347018572825,317390
20.0,40,2.0,2.0,-4.0,4.0,0.25,38.085826001955034,0.002541544477028348,0.0013685239491691105,0.002932551319648094,149772
20.0,60,2.0,2.0,-4.0,4.0,0.25,38.11964809384164,0.004203323558162268,0.0039100684261974585,0.004105571847507331,224335
20.0,80,2.0,2.0,-4.0,4.0,0.25,38.14340175953079,0.005180840664711633,0.005474095796676442,0.004203323558162268,298793
20.0,40,1.75,2.25,-4.0,4.0,0.25,38.12258064516129,0.002737047898338221,0.0022482893450635386,0.0017595307917888563,149400
20.0,60,1.75,2.25,-4.0,4.0,0.25,37.937341153470186,0.004398826979472141,0.004398826979472141,0.0035190615835777126,223085
20.0,80,1.75,2.25,-4.0,4.0,0.25,38.115933528836756,0.005376344086021506,0.00635386119257087,0.004301075268817204,298070
20.0,40,1.5,2.5,-4.0,4.0,0.25,37.95796676441838,0.003616813294232649,0.003421309872922776,0.002737047898338221,148506
20.0,60,1.5,2.5,-4.0,4.0,0.25,37.94105571847507,0.004594330400782014,0.004789833822091887,0.005278592375366569,222806
20.0,80,1.5,2.5,-4.0,4.0,0.25,38.06041055718475,0.007135874877810362,0.007331378299120235,0.006647116324535679,298050
20.0,40,1.0,3.0,-4.0,4.0,0.25,37.75092864125122,0.002737047898338221,0.003812316715542522,0.004007820136852395,147902
20.0,60,1.0,3.0,-4.0,4.0,0.25,37.875366568914956,0.006549364613880743,0.005474095796676442,0.004301075268817204,222015
20.0,80,1.0,3.0,-4.0,4.0,0.25,37.88035190615836,0.011143695014662757,0.007917888563049853,0.005962854349951125,296265
20.0,40,0.5,3.5,-4.0,4.0,0.25,37.40869990224829,0.004496578690127077,0.0033235581622678397,0.0031280547409579668,146418
20.0,60,0.5,3.5,-4.0,4.0,0.25,37.47947214076246,0.007135874877810362,0.006060606060606061,0.005474095796676442,219009
20.0,80,0.5,3.5,-4.0,4.0,0.25,37.487683284457475,0.011827956989247311,0.009188660801564028,0.00801564027370479,293732
20.0,40,0.0,4.0,-4.0,4.0,0.25,37.20293255131965,0.003421309872922776,0.003812316715542522,0.004007820136852395,142098
20.0,60,0.0,4.0,-4.0,4.0,0.25,37.205865102639294,0.008895405669599218,0.007722385141739981,0.007233626588465298,212121
20.0,80,0.0,4.0,-4.0,4.0,0.25,37.19296187683285,0.010850439882697948,0.00967741935483871,0.010263929618768328,283561
20.0,40,2.0,2.0,-6.0,6.0,0.25,38.11114369501466,0.0026392961876832845,0.0015640273704789834,0.0024437927663734115,146769
20.0,60,2.0,2.0,-6.0,6.0,0.25,38.121212121212125,0.0039100684261974585,0.004203323558162268,0.0028347996089931574,219093
20.0,80,2.0,2.0,-6.0,6.0,0.25,38.27018572825025,0.0062561094819159335,0.004789833822091887,0.005474095796676442,292305
20.0,40,1.75,2.25,-6.0,6.0,0.25,38.14907135874878,0.0026392961876832845,0.001466275659824047,0.0018572825024437928,146245
20.0,60,1.75,2.25,-6.0,6.0,0.25,38.0366568914956,0.005278592375366569,0.004789833822091887,0.0032258064516129032,218625
20.0,80,1.75,2.25,-6.0,6.0,0.25,38.02561094819159,0.00635386119257087,0.005278592375366569,0.005669599217986315,291625
20.0,40,1.5,2.5,-6.0,6.0,0.25,38.03216031280547,0.002541544477028348,0.0032258064516129032,0.002541544477028348,146262
20.0,60,1.5,2.5,-6.0,6.0,0.25,38.042326490713585,0.006744868035190616,0.005474095796676442,0.0039100684261974585,219097
20.0,80,1.5,2.5,-6.0,6.0,0.25,38.12258064516129,0.0064516129032258064,0.006060606060606061,0.005474095796676442,292064
20.0,40,1.0,3.0,-6.0,6.0,0.25,37.81124144672532,0.0032258064516129032,0.0035190615835777126,0.0031280547409579668,145019
20.0,60,1.0,3.0,-6.0,6.0,0.25,37.811339198435974,0.0064516129032258064,0.005865102639296188,0.005278592375366569,216689
20.0,80,1.0,3.0,-6.0,6.0,0.25,37.961876832844574,0.008993157380254154,0.00909090909090909,0.008602150537634409,290357
20.0,40,0.5,3.5,-6.0,6.0,0.25,37.50869990224829,0.0035190615835777126,0.0032258064516129032,0.0035190615835777126,143389
20.0,60,0.5,3.5,-6.0,6.0,0.25,37.7455522971652,0.005278592375366569,0.005865102639296188,0.007135874877810362,216448
20.0,80,0.5,3.5,-6.0,6.0,0.25,37.74437927663734,0.01104594330400782,0.00801564027370479,0.008993157380254154,288268
20.0,40,0.0,4.0,-6.0,6.0,0.25,37.43607038123167,0.003421309872922776,0.002541544477028348,0.004105571847507331,142751
20.0,60,0.0,4.0,-6.0,6.0,0.25,37.36129032258064,0.007526881720430108,0.007135874877810362,0.00635386119257087,213694
20.0,80,0.0,4.0,-6.0,6.0,0.25,37.15542521994135,0.012316715542521995,0.011436950146627566,0.009775171065493646,283174
20.0,40,2.0,2.0,-4.0,4.0,0.0,36.035679374389055,0.0011730205278592375,6.842619745845552E-4,4.887585532746823E-4,106446
20.0,60,2.0,2.0,-4.0,4.0,0.0,35.96666666666667,0.002150537634408602,0.0016617790811339198,8.797653958944282E-4,159196
20.0,80,2.0,2.0,-4.0,4.0,0.0,36.15415444770284,0.0019550342130987292,0.0013685239491691105,9.775171065493646E-4,212848
20.0,40,1.75,2.25,-4.0,4.0,0.0,36.08514173998045,4.887585532746823E-4,0.001075268817204301,0.0011730205278592375,106536
20.0,60,1.75,2.25,-4.0,4.0,0.0,35.83128054740958,0.0015640273704789834,0.001466275659824047,0.0015640273704789834,159388
20.0,80,1.75,2.25,-4.0,4.0,0.0,35.98172043010753,0.002150537634408602,0.0024437927663734115,0.0018572825024437928,212549
20.0,40,1.5,2.5,-4.0,4.0,0.0,35.69540566959922,0.0011730205278592375,0.001075268817204301,0.001270772238514174,105441
20.0,60,1.5,2.5,-4.0,4.0,0.0,35.91798631476051,0.0016617790811339198,0.001270772238514174,0.0015640273704789834,158661
20.0,80,1.5,2.5,-4.0,4.0,0.0,35.67350928641251,0.002346041055718475,0.001466275659824047,0.0019550342130987292,209496
20.0,40,1.0,3.0,-4.0,4.0,0.0,35.69550342130987,9.775171065493646E-4,9.775171065493646E-4,0.001075268817204301,104639
20.0,60,1.0,3.0,-4.0,4.0,0.0,35.544477028348,0.0018572825024437928,0.0018572825024437928,0.0022482893450635386,155763
20.0,80,1.0,3.0,-4.0,4.0,0.0,35.30869990224829,0.002541544477028348,0.0015640273704789834,0.0020527859237536657,206434
20.0,40,0.5,3.5,-4.0,4.0,0.0,35.495992179863144,0.001270772238514174,6.842619745845552E-4,0.0018572825024437928,103992
20.0,60,0.5,3.5,-4.0,4.0,0.0,34.92111436950147,0.0022482893450635386,0.0015640273704789834,0.001466275659824047,153119
20.0,80,0.5,3.5,-4.0,4.0,0.0,35.14672531769306,0.002932551319648094,0.0031280547409579668,0.0031280547409579668,205201
20.0,40,0.0,4.0,-4.0,4.0,0.0,35.1494623655914,0.0011730205278592375,0.001075268817204301,0.001270772238514174,89544
20.0,60,0.0,4.0,-4.0,4.0,0.0,34.88993157380254,0.002346041055718475,0.0018572825024437928,0.001075268817204301,132979
20.0,80,0.0,4.0,-4.0,4.0,0.0,34.7236559139785,0.0022482893450635386,0.0039100684261974585,0.0039100684261974585,176080
20.0,40,2.0,2.0,-6.0,6.0,0.0,35.92336265884653,5.865102639296188E-4,6.842619745845552E-4,8.797653958944282E-4,105676
20.0,60,2.0,2.0,-6.0,6.0,0.0,35.93372434017596,8.797653958944282E-4,0.0013685239491691105,9.775171065493646E-4,158686
20.0,80,2.0,2.0,-6.0,6.0,0.0,36.09736070381231,0.0016617790811339198,0.0013685239491691105,0.001075268817204301,212354
20.0,40,1.75,2.25,-6.0,6.0,0.0,36.10772238514174,7.820136852394917E-4,0.001270772238514174,5.865102639296188E-4,106768
20.0,60,1.75,2.25,-6.0,6.0,0.0,35.93695014662757,0.001075268817204301,0.0016617790811339198,0.0011730205278592375,159003
20.0,80,1.75,2.25,-6.0,6.0,0.0,35.884457478005864,0.002932551319648094,0.001270772238514174,0.001075268817204301,210312
20.0,40,1.5,2.5,-6.0,6.0,0.0,35.932649071358746,6.842619745845552E-4,0.001075268817204301,9.775171065493646E-4,105932
20.0,60,1.5,2.5,-6.0,6.0,0.0,35.72179863147605,5.865102639296188E-4,0.0022482893450635386,0.0018572825024437928,157669
20.0,80,1.5,2.5,-6.0,6.0,0.0,35.86705767350929,0.0022482893450635386,0.0017595307917888563,0.002541544477028348,210516
20.0,40,1.0,3.0,-6.0,6.0,0.0,35.36686217008798,9.775171065493646E-4,0.001270772238514174,9.775171065493646E-4,103665
20.0,60,1.0,3.0,-6.0,6.0,0.0,35.631769305962855,0.001270772238514174,0.0017595307917888563,0.0020527859237536657,156672
20.0,80,1.0,3.0,-6.0,6.0,0.0,35.65376344086022,0.0030303030303030303,0.002150537634408602,0.0032258064516129032,208577
20.0,40,0.5,3.5,-6.0,6.0,0.0,35.412121212121214,0.0018572825024437928,0.0016617790811339198,0.0011730205278592375,103553
20.0,60,0.5,3.5,-6.0,6.0,0.0,35.12492668621701,0.0019550342130987292,0.002541544477028348,0.0020527859237536657,153474
20.0,80,0.5,3.5,-6.0,6.0,0.0,35.129130009775174,0.002737047898338221,0.003812316715542522,0.003616813294232649,204612
20.0,40,0.0,4.0,-6.0,6.0,0.0,34.94770283479961,0.0013685239491691105,0.0011730205278592375,0.0013685239491691105,88569
20.0,60,0.0,4.0,-6.0,6.0,0.0,34.7366568914956,0.0019550342130987292,0.0018572825024437928,0.002346041055718475,132181
20.0,80,0.0,4.0,-6.0,6.0,0.0,34.70576735092864,0.003616813294232649,0.002737047898338221,0.0030303030303030303,175699
5.0,40,2.0,2.0,-4.0,4.0,1.0,5.086999022482893,0.03147605083088954,0.008797653958944282,0.005180840664711633,23971
5.0,60,2.0,2.0,-4.0,4.0,1.0,4.985630498533724,0.03841642228739003,0.008113391984359727,0.0032258064516129032,35511
5.0,80,2.0,2.0,-4.0,4.0,1.0,4.862463343108504,0.0364613880742913,0.007624633431085044,0.0030303030303030303,46326
5.0,40,1.75,2.25,-4.0,4.0,1.0,4.828934506353861,0.02785923753665689,0.00801564027370479,0.002541544477028348,23048
5.0,60,1.75,2.25,-4.0,4.0,1.0,4.649169110459433,0.026881720430107527,0.0062561094819159335,0.002541544477028348,33506
5.0,80,1.75,2.25,-4.0,4.0,1.0,4.521114369501467,0.02287390029325513,0.005278592375366569,0.0011730205278592375,43738
5.0,40,1.5,2.5,-4.0,4.0,1.0,4.563929618768328,0.019159335288367548,0.005376344086021506,0.0030303030303030303,22067
5.0,60,1.5,2.5,-4.0,4.0,1.0,4.422678396871945,0.017790811339198437,0.004203323558162268,0.0020527859237536657,32227
5.0,80,1.5,2.5,-4.0,4.0,1.0,4.288465298142717,0.013978494623655914,0.0030303030303030303,7.820136852394917E-4,42267
5.0,40,1.0,3.0,-4.0,4.0,1.0,4.369012707722385,0.01378299120234604,0.0028347996089931574,8.797653958944282E-4,21343
5.0,60,1.0,3.0,-4.0,4.0,1.0,4.207820136852395,0.008797653958944282,0.0020527859237536657,9.775171065493646E-4,31131
5.0,80,1.0,3.0,-4.0,4.0,1.0,4.182111436950146,0.0093841642228739,0.0016617790811339198,8.797653958944282E-4,41372
5.0,40,0.5,3.5,-4.0,4.0,1.0,4.3001955034213095,0.010068426197458456,0.0022482893450635386,0.0019550342130987292,21140
5.0,60,0.5,3.5,-4.0,4.0,1.0,4.213391984359727,0.009481915933528836,0.002150537634408602,0.001075268817204301,31040
5.0,80,0.5,3.5,-4.0,4.0,1.0,4.149266862170088,0.007526881720430108,0.002150537634408602,7.820136852394917E-4,40991
5.0,40,0.0,4.0,-4.0,4.0,1.0,4.31603128054741,0.009775171065493646,0.0035190615835777126,0.0017595307917888563,21195
5.0,60,0.0,4.0,-4.0,4.0,1.0,4.2022482893450634,0.00997067448680352,0.0019550342130987292,0.001270772238514174,31483
5.0,80,0.0,4.0,-4.0,4.0,1.0,4.134213098729227,0.007526881720430108,0.0016617790811339198,9.775171065493646E-4,41154
5.0,40,2.0,2.0,-6.0,6.0,1.0,4.1986314760508305,0.004496578690127077,0.002346041055718475,6.842619745845552E-4,20762
5.0,60,2.0,2.0,-6.0,6.0,1.0,4.102541544477028,0.004007820136852395,4.887585532746823E-4,3.9100684261974585E-4,30390
5.0,80,2.0,2.0,-6.0,6.0,1.0,4.111339198435973,0.004789833822091887,5.865102639296188E-4,2.932551319648094E-4,40601
5.0,40,1.75,2.25,-6.0,6.0,1.0,4.189638318670577,0.005376344086021506,0.0019550342130987292,6.842619745845552E-4,20641
5.0,60,1.75,2.25,-6.0,6.0,1.0,4.142228739002933,0.005083088954056696,0.001466275659824047,6.842619745845552E-4,30686
5.0,80,1.75,2.25,-6.0,6.0,1.0,4.103128054740958,0.0033235581622678397,0.0019550342130987292,9.775171065493646E-5,40683
5.0,40,1.5,2.5,-6.0,6.0,1.0,4.161290322580645,0.004398826979472141,0.001466275659824047,4.887585532746823E-4,20334
5.0,60,1.5,2.5,-6.0,6.0,1.0,4.1257086999022485,0.004398826979472141,0.001466275659824047,4.887585532746823E-4,30386
5.0,80,1.5,2.5,-6.0,6.0,1.0,4.097751710654936,0.003812316715542522,6.842619745845552E-4,6.842619745845552E-4,40691
5.0,40,1.0,3.0,-6.0,6.0,1.0,4.220430107526882,0.005767350928641252,0.001270772238514174,4.887585532746823E-4,20673
5.0,60,1.0,3.0,-6.0,6.0,1.0,4.150830889540567,0.005083088954056696,0.0013685239491691105,6.842619745845552E-4,30917
5.0,80,1.0,3.0,-6.0,6.0,1.0,4.096187683284457,0.004105571847507331,8.797653958944282E-4,1.9550342130987292E-4,40472
5.0,40,0.5,3.5,-6.0,6.0,1.0,4.232453567937439,0.003812316715542522,0.0022482893450635386,5.865102639296188E-4,20751
5.0,60,0.5,3.5,-6.0,6.0,1.0,4.173118279569892,0.005278592375366569,0.0011730205278592375,4.887585532746823E-4,30827
5.0,80,0.5,3.5,-6.0,6.0,1.0,4.13782991202346,0.00469208211143695,0.001270772238514174,0.0011730205278592375,40521
5.0,40,0.0,4.0,-6.0,6.0,1.0,4.258651026392962,0.005376344086021506,0.001075268817204301,9.775171065493646E-4,20816
5.0,60,0.0,4.0,-6.0,6.0,1.0,4.190811339198436,0.005376344086021506,0.0011730205278592375,7.820136852394917E-4,30789
5.0,80,0.0,4.0,-6.0,6.0,1.0,4.12316715542522,0.004496578690127077,4.887585532746823E-4,6.842619745845552E-4,40548
5.0,40,2.0,2.0,-4.0,4.0,0.75,11.030791788856305,0.005865102639296188,0.005278592375366569,0.004301075268817204,46205
5.0,60,2.0,2.0,-4.0,4.0,0.75,11.198435972629522,0.01163245356793744,0.010557184750733138,0.009872922776148582,70241
5.0,80,2.0,2.0,-4.0,4.0,0.75,11.274877810361682,0.017595307917888565,0.016520039100684263,0.014565004887585532,93478
5.0,40,1.75,2.25,-4.0,4.0,0.75,10.719061583577712,0.008504398826979473,0.007917888563049853,0.004789833822091887,44893
5.0,60,1.75,2.25,-4.0,4.0,0.75,11.032160312805473,0.016226783968719453,0.014858260019550342,0.01133919843597263,69104
5.0,80,1.75,2.25,-4.0,4.0,0.75,10.981329423264906,0.025708699902248288,0.022287390029325515,0.01798631476050831,91502
5.0,40,1.5,2.5,-4.0,4.0,0.75,10.280742913000978,0.009481915933528836,0.007624633431085044,0.007429130009775171,43343
5.0,60,1.5,2.5,-4.0,4.0,0.75,10.378690127077224,0.020039100684261974,0.015053763440860216,0.01436950146627566,65255
5.0,80,1.5,2.5,-4.0,4.0,0.75,10.359042033235582,0.03245356793743891,0.022287390029325515,0.01788856304985337,86965
5.0,40,1.0,3.0,-4.0,4.0,0.75,8.987194525904203,0.012218963831867057,0.009775171065493646,0.007135874877810362,38338
5.0,60,1.0,3.0,-4.0,4.0,0.75,8.720527859237537,0.02209188660801564,0.017302052785923755,0.013880742913000978,56132
5.0,80,1.0,3.0,-4.0,4.0,0.75,8.778299120234603,0.0343108504398827,0.024828934506353862,0.017008797653958945,75343
5.0,40,0.5,3.5,-4.0,4.0,0.75,7.129032258064516,0.00997067448680352,0.008993157380254154,0.005669599217986315,31637
5.0,60,0.5,3.5,-4.0,4.0,0.75,6.912218963831867,0.017302052785923755,0.01163245356793744,0.009188660801564028,46444
5.0,80,0.5,3.5,-4.0,4.0,0.75,6.761681329423265,0.024828934506353862,0.016715542521994135,0.013978494623655914,60645
5.0,40,0.0,4.0,-4.0,4.0,0.75,5.6586510263929615,0.0064516129032258064,0.004594330400782014,0.004203323558162268,26226
5.0,60,0.0,4.0,-4.0,4.0,0.75,5.3820136852394915,0.010459433040078202,0.006647116324535679,0.0061583577712609975,37905
5.0,80,0.0,4.0,-4.0,4.0,0.75,5.275268817204301,0.01466275659824047,0.010459433040078202,0.006060606060606061,49546
5.0,40,2.0,2.0,-6.0,6.0,0.75,9.654740957966764,0.006549364613880743,0.006060606060606061,0.00469208211143695,41203
5.0,60,2.0,2.0,-6.0,6.0,0.75,9.718475073313783,0.009775171065493646,0.008895405669599218,0.00801564027370479,61370
5.0,80,2.0,2.0,-6.0,6.0,0.75,9.637732160312806,0.01573802541544477,0.01270772238514174,0.009775171065493646,81740
5.0,40,1.75,2.25,-6.0,6.0,0.75,9.23685239491691,0.00635386119257087,0.005962854349951125,0.005180840664711633,39419
5.0,60,1.75,2.25,-6.0,6.0,0.75,9.188074291300097,0.015835777126099706,0.010068426197458456,0.005669599217986315,58820
5.0,80,1.75,2.25,-6.0,6.0,0.75,9.247214076246335,0.01935483870967742,0.01407624633431085,0.012805474095796677,78726
5.0,40,1.5,2.5,-6.0,6.0,0.75,8.502541544477028,0.009188660801564028,0.006060606060606061,0.004301075268817204,36649
5.0,60,1.5,2.5,-6.0,6.0,0.75,8.364418377321604,0.013196480938416423,0.010166177908113392,0.009286412512218964,54405
5.0,80,1.5,2.5,-6.0,6.0,0.75,8.446627565982405,0.021896383186705767,0.016226783968719453,0.012805474095796677,72778
5.0,40,1.0,3.0,-6.0,6.0,0.75,6.85386119257087,0.00801564027370479,0.005180840664711633,0.004789833822091887,30518
5.0,60,1.0,3.0,-6.0,6.0,0.75,6.783284457478006,0.012903225806451613,0.008699902248289345,0.007820136852394917,45297
5.0,80,1.0,3.0,-6.0,6.0,0.75,6.725024437927663,0.020527859237536656,0.013196480938416423,0.009481915933528836,60145
5.0,40,0.5,3.5,-6.0,6.0,0.75,5.440078201368524,0.004398826979472141,0.0028347996089931574,0.003421309872922776,25343
5.0,60,0.5,3.5,-6.0,6.0,0.75,5.251319648093841,0.008993157380254154,0.005180840664711633,0.0039100684261974585,36582
5.0,80,0.5,3.5,-6.0,6.0,0.75,5.181818181818182,0.011241446725317693,0.00801564027370479,0.005180840664711633,48320
5.0,40,0.0,4.0,-6.0,6.0,0.75,4.554936461388074,0.0015640273704789834,0.001466275659824047,8.797653958944282E-4,21900
5.0,60,0.0,4.0,-6.0,6.0,0.75,4.4543499511241444,0.003616813294232649,0.0018572825024437928,0.0020527859237536657,32557
5.0,80,0.0,4.0,-6.0,6.0,0.75,4.3449657869012706,0.004398826979472141,0.0033235581622678397,0.0019550342130987292,42571
5.0,40,2.0,2.0,-4.0,4.0,0.5,10.150342130987292,8.797653958944282E-4,7.820136852394917E-4,7.820136852394917E-4,42735
5.0,60,2.0,2.0,-4.0,4.0,0.5,10.274389051808406,9.775171065493646E-4,0.0011730205278592375,9.775171065493646E-4,65010
5.0,80,2.0,2.0,-4.0,4.0,0.5,10.287292277614858,0.0018572825024437928,0.0018572825024437928,0.0015640273704789834,86960
5.0,40,1.75,2.25,-4.0,4.0,0.5,10.15307917888563,4.887585532746823E-4,0.001075268817204301,7.820136852394917E-4,42930
5.0,60,1.75,2.25,-4.0,4.0,0.5,10.206842619745846,0.001075268817204301,0.0016617790811339198,0.0013685239491691105,64364
5.0,80,1.75,2.25,-4.0,4.0,0.5,10.327956989247312,0.0024437927663734115,0.0015640273704789834,0.0016617790811339198,86621
5.0,40,1.5,2.5,-4.0,4.0,0.5,10.095210166177909,9.775171065493646E-4,0.001075268817204301,8.797653958944282E-4,42559
5.0,60,1.5,2.5,-4.0,4.0,0.5,10.189051808406647,0.0018572825024437928,0.002150537634408602,0.002150537634408602,64299
5.0,80,1.5,2.5,-4.0,4.0,0.5,10.286901270772239,0.0035190615835777126,0.002541544477028348,0.002541544477028348,86063
5.0,40,1.0,3.0,-4.0,4.0,0.5,9.844281524926686,0.0015640273704789834,0.0019550342130987292,0.001270772238514174,41648
5.0,60,1.0,3.0,-4.0,4.0,0.5,9.92297165200391,0.002150537634408602,0.0031280547409579668,0.0032258064516129032,63776
5.0,80,1.0,3.0,-4.0,4.0,0.5,10.028739002932552,0.003616813294232649,0.003616813294232649,0.0031280547409579668,86685
5.0,40,0.5,3.5,-4.0,4.0,0.5,9.419159335288368,0.0016617790811339198,0.0017595307917888563,0.002541544477028348,40820
5.0,60,0.5,3.5,-4.0,4.0,0.5,9.39286412512219,0.002737047898338221,0.0024437927663734115,0.002150537634408602,60798
5.0,80,0.5,3.5,-4.0,4.0,0.5,9.401955034213099,0.004105571847507331,0.004789833822091887,0.004105571847507331,1016631
5.0,40,0.0,4.0,-4.0,4.0,0.5,8.708797653958944,0.0011730205278592375,0.0013685239491691105,0.001466275659824047,38165
5.0,60,0.0,4.0,-4.0,4.0,0.5,8.61661779081134,0.004301075268817204,0.002346041055718475,0.0020527859237536657,56150
5.0,80,0.0,4.0,-4.0,4.0,0.5,8.587487781036168,0.005278592375366569,0.005865102639296188,0.004007820136852395,74821
5.0,40,2.0,2.0,-6.0,6.0,0.5,10.221016617790811,7.820136852394917E-4,2.932551319648094E-4,6.842619745845552E-4,44571
5.0,60,2.0,2.0,-6.0,6.0,0.5,10.394525904203324,0.0017595307917888563,0.001466275659824047,0.001075268817204301,67507
5.0,80,2.0,2.0,-6.0,6.0,0.5,10.44848484848485,0.0018572825024437928,0.0015640273704789834,0.0020527859237536657,90596
5.0,40,1.75,2.25,-6.0,6.0,0.5,10.186119257086999,9.775171065493646E-4,9.775171065493646E-4,7.820136852394917E-4,44049
5.0,60,1.75,2.25,-6.0,6.0,0.5,10.420918866080157,0.001466275659824047,0.0015640273704789834,0.001466275659824047,68740
5.0,80,1.75,2.25,-6.0,6.0,0.5,10.313978494623656,0.0019550342130987292,0.0015640273704789834,0.002541544477028348,89436
5.0,40,1.5,2.5,-6.0,6.0,0.5,10.09188660801564,6.842619745845552E-4,4.887585532746823E-4,0.001270772238514174,43646
5.0,60,1.5,2.5,-6.0,6.0,0.5,10.310752688172043,0.0013685239491691105,0.0017595307917888563,0.0016617790811339198,67095
5.0,80,1.5,2.5,-6.0,6.0,0.5,10.234115347018573,0.0024437927663734115,0.002541544477028348,0.0032258064516129032,88806
5.0,40,1.0,3.0,-6.0,6.0,0.5,9.832746823069403,5.865102639296188E-4,0.0017595307917888563,8.797653958944282E-4,43601
5.0,60,1.0,3.0,-6.0,6.0,0.5,9.840078201368524,0.0024437927663734115,0.0016617790811339198,0.002737047898338221,64964
5.0,80,1.0,3.0,-6.0,6.0,0.5,9.995405669599219,0.003812316715542522,0.0032258064516129032,0.004105571847507331,87593
5.0,40,0.5,3.5,-6.0,6.0,0.5,9.30811339198436,0.001466275659824047,0.001466275659824047,0.0016617790811339198,41849
5.0,60,0.5,3.5,-6.0,6.0,0.5,9.2841642228739,0.0032258064516129032,0.0020527859237536657,0.002932551319648094,61636
5.0,80,0.5,3.5,-6.0,6.0,0.5,9.24770283479961,0.004594330400782014,0.003421309872922776,0.0032258064516129032,82051
5.0,40,0.0,4.0,-6.0,6.0,0.5,8.389638318670576,0.0013685239491691105,0.001075268817204301,0.001270772238514174,37923
5.0,60,0.0,4.0,-6.0,6.0,0.5,8.35347018572825,0.003421309872922776,0.0030303030303030303,0.0026392961876832845,56681
5.0,80,0.0,4.0,-6.0,6.0,0.5,8.180742913000978,0.004398826979472141,0.004105571847507331,0.003616813294232649,74336
5.0,40,2.0,2.0,-4.0,4.0,0.25,8.673216031280548,1.9550342130987292E-4,1.9550342130987292E-4,9.775171065493646E-5,38555
5.0,60,2.0,2.0,-4.0,4.0,0.25,8.758455522971651,3.9100684261974585E-4,3.9100684261974585E-4,9.775171065493646E-5,57994
5.0,80,2.0,2.0,-4.0,4.0,0.25,8.829814271749756,4.887585532746823E-4,5.865102639296188E-4,9.775171065493646E-5,77572
5.0,40,1.75,2.25,-4.0,4.0,0.25,8.66813294232649,1.9550342130987292E-4,1.9550342130987292E-4,2.932551319648094E-4,38245
5.0,60,1.75,2.25,-4.0,4.0,0.25,8.745259042033236,5.865102639296188E-4,2.932551319648094E-4,2.932551319648094E-4,57306
5.0,80,1.75,2.25,-4.0,4.0,0.25,8.832355816226784,7.820136852394917E-4,8.797653958944282E-4,3.9100684261974585E-4,76965
5.0,40,1.5,2.5,-4.0,4.0,0.25,8.70576735092864,1.9550342130987292E-4,0.0,9.775171065493646E-5,38501
5.0,60,1.5,2.5,-4.0,4.0,0.25,8.797947214076247,4.887585532746823E-4,3.9100684261974585E-4,2.932551319648094E-4,58878
5.0,80,1.5,2.5,-4.0,4.0,0.25,8.833919843597263,8.797653958944282E-4,5.865102639296188E-4,3.9100684261974585E-4,77732
5.0,40,1.0,3.0,-4.0,4.0,0.25,8.55425219941349,4.887585532746823E-4,3.9100684261974585E-4,2.932551319648094E-4,38450
5.0,60,1.0,3.0,-4.0,4.0,0.25,8.76930596285435,6.842619745845552E-4,3.9100684261974585E-4,4.887585532746823E-4,58901
5.0,80,1.0,3.0,-4.0,4.0,0.25,8.75268817204301,3.9100684261974585E-4,6.842619745845552E-4,0.0011730205278592375,78612
5.0,40,0.5,3.5,-4.0,4.0,0.25,8.504985337243403,3.9100684261974585E-4,4.887585532746823E-4,2.932551319648094E-4,38393
5.0,60,0.5,3.5,-4.0,4.0,0.25,8.570772238514174,8.797653958944282E-4,5.865102639296188E-4,9.775171065493646E-4,57618
5.0,80,0.5,3.5,-4.0,4.0,0.25,8.566177908113392,0.0013685239491691105,7.820136852394917E-4,6.842619745845552E-4,77013
5.0,40,0.0,4.0,-4.0,4.0,0.25,8.345454545454546,4.887585532746823E-4,9.775171065493646E-5,4.887585532746823E-4,36899
5.0,60,0.0,4.0,-4.0,4.0,0.25,8.370967741935484,0.0015640273704789834,0.001270772238514174,5.865102639296188E-4,55950
5.0,80,0.0,4.0,-4.0,4.0,0.25,8.289149560117302,0.001466275659824047,8.797653958944282E-4,6.842619745845552E-4,74239
5.0,40,2.0,2.0,-6.0,6.0,0.25,8.740664711632453,1.9550342130987292E-4,9.775171065493646E-5,1.9550342130987292E-4,39131
5.0,60,2.0,2.0,-6.0,6.0,0.25,8.746725317693059,9.775171065493646E-5,3.9100684261974585E-4,4.887585532746823E-4,58244
5.0,80,2.0,2.0,-6.0,6.0,0.25,8.855718475073314,3.9100684261974585E-4,7.820136852394917E-4,4.887585532746823E-4,79109
5.0,40,1.75,2.25,-6.0,6.0,0.25,8.634995112414467,1.9550342130987292E-4,3.9100684261974585E-4,1.9550342130987292E-4,38499
5.0,60,1.75,2.25,-6.0,6.0,0.25,8.786217008797655,2.932551319648094E-4,2.932551319648094E-4,4.887585532746823E-4,58321
5.0,80,1.75,2.25,-6.0,6.0,0.25,8.836265884652981,4.887585532746823E-4,5.865102639296188E-4,5.865102639296188E-4,78123
5.0,40,1.5,2.5,-6.0,6.0,0.25,8.755620723362659,1.9550342130987292E-4,4.887585532746823E-4,2.932551319648094E-4,38995
5.0,60,1.5,2.5,-6.0,6.0,0.25,8.76989247311828,6.842619745845552E-4,2.932551319648094E-4,1.9550342130987292E-4,58158
5.0,80,1.5,2.5,-6.0,6.0,0.25,8.813880742913001,7.820136852394917E-4,4.887585532746823E-4,9.775171065493646E-4,77663
5.0,40,1.0,3.0,-6.0,6.0,0.25,8.720332355816227,3.9100684261974585E-4,1.9550342130987292E-4,5.865102639296188E-4,38625
5.0,60,1.0,3.0,-6.0,6.0,0.25,8.806842619745845,0.0,2.932551319648094E-4,4.887585532746823E-4,58600
5.0,80,1.0,3.0,-6.0,6.0,0.25,8.770478983382208,0.001075268817204301,0.001270772238514174,9.775171065493646E-4,78020
5.0,40,0.5,3.5,-6.0,6.0,0.25,8.698338220918867,5.865102639296188E-4,6.842619745845552E-4,3.9100684261974585E-4,38101
5.0,60,0.5,3.5,-6.0,6.0,0.25,8.699511241446725,8.797653958944282E-4,8.797653958944282E-4,5.865102639296188E-4,57136
5.0,80,0.5,3.5,-6.0,6.0,0.25,8.693548387096774,0.001075268817204301,0.0015640273704789834,9.775171065493646E-4,76250
5.0,40,0.0,4.0,-6.0,6.0,0.25,8.419061583577713,1.9550342130987292E-4,1.9550342130987292E-4,7.820136852394917E-4,37314
5.0,60,0.0,4.0,-6.0,6.0,0.25,8.423851417399804,6.842619745845552E-4,7.820136852394917E-4,4.887585532746823E-4,56134
5.0,80,0.0,4.0,-6.0,6.0,0.25,8.36813294232649,0.0018572825024437928,0.0011730205278592375,9.775171065493646E-4,74483
5.0,40,2.0,2.0,-4.0,4.0,0.0,7.413978494623656,2.932551319648094E-4,2.932551319648094E-4,9.775171065493646E-5,26210
5.0,60,2.0,2.0,-4.0,4.0,0.0,7.4770283479960895,1.9550342130987292E-4,0.0,0.0,40007
5.0,80,2.0,2.0,-4.0,4.0,0.0,7.431182795698925,2.932551319648094E-4,2.932551319648094E-4,5.865102639296188E-4,52339
5.0,40,1.75,2.25,-4.0,4.0,0.0,7.4536656891495605,0.0,9.775171065493646E-5,9.775171065493646E-5,26041
5.0,60,1.75,2.25,-4.0,4.0,0.0,7.481720430107527,1.9550342130987292E-4,3.9100684261974585E-4,1.9550342130987292E-4,39607
5.0,80,1.75,2.25,-4.0,4.0,0.0,7.417595307917889,2.932551319648094E-4,2.932551319648094E-4,3.9100684261974585E-4,52191
5.0,40,1.5,2.5,-4.0,4.0,0.0,7.3455522971652005,1.9550342130987292E-4,1.9550342130987292E-4,9.775171065493646E-5,25633
5.0,60,1.5,2.5,-4.0,4.0,0.0,7.403323558162268,1.9550342130987292E-4,1.9550342130987292E-4,1.9550342130987292E-4,38751
5.0,80,1.5,2.5,-4.0,4.0,0.0,7.367155425219941,2.932551319648094E-4,9.775171065493646E-5,9.775171065493646E-5,52246
5.0,40,1.0,3.0,-4.0,4.0,0.0,7.326197458455523,0.0,0.0,1.9550342130987292E-4,25802
5.0,60,1.0,3.0,-4.0,4.0,0.0,7.275953079178886,3.9100684261974585E-4,2.932551319648094E-4,5.865102639296188E-4,38377
5.0,80,1.0,3.0,-4.0,4.0,0.0,7.33108504398827,3.9100684261974585E-4,3.9100684261974585E-4,3.9100684261974585E-4,51488
5.0,40,0.5,3.5,-4.0,4.0,0.0,7.294623655913979,1.9550342130987292E-4,9.775171065493646E-5,0.0,25444
5.0,60,0.5,3.5,-4.0,4.0,0.0,7.206842619745846,4.887585532746823E-4,9.775171065493646E-5,3.9100684261974585E-4,38164
5.0,80,0.5,3.5,-4.0,4.0,0.0,7.277712609970674,4.887585532746823E-4,2.932551319648094E-4,1.9550342130987292E-4,50695
5.0,40,0.0,4.0,-4.0,4.0,0.0,7.2153470185728255,9.775171065493646E-5,1.9550342130987292E-4,9.775171065493646E-5,22665
5.0,60,0.0,4.0,-4.0,4.0,0.0,7.2141739980449655,2.932551319648094E-4,5.865102639296188E-4,2.932551319648094E-4,33312
5.0,80,0.0,4.0,-4.0,4.0,0.0,7.149755620723362,4.887585532746823E-4,3.9100684261974585E-4,4.887585532746823E-4,44287
5.0,40,2.0,2.0,-6.0,6.0,0.0,7.400488758553275,0.0,2.932551319648094E-4,2.932551319648094E-4,26338
5.0,60,2.0,2.0,-6.0,6.0,0.0,7.450928641251222,2.932551319648094E-4,1.9550342130987292E-4,9.775171065493646E-5,39127
5.0,80,2.0,2.0,-6.0,6.0,0.0,7.460801564027371,2.932551319648094E-4,0.0,3.9100684261974585E-4,52660
5.0,40,1.75,2.25,-6.0,6.0,0.0,7.417008797653959,1.9550342130987292E-4,1.9550342130987292E-4,9.775171065493646E-5,26413
5.0,60,1.75,2.25,-6.0,6.0,0.0,7.3443792766373415,3.9100684261974585E-4,2.932551319648094E-4,9.775171065493646E-5,38759
5.0,80,1.75,2.25,-6.0,6.0,0.0,7.348875855327468,2.932551319648094E-4,0.0,0.0,51679
5.0,40,1.5,2.5,-6.0,6.0,0.0,7.3969696969696965,1.9550342130987292E-4,9.775171065493646E-5,1.9550342130987292E-4,26117
5.0,60,1.5,2.5,-6.0,6.0,0.0,7.396774193548387,9.775171065493646E-5,2.932551319648094E-4,0.0,38869
5.0,80,1.5,2.5,-6.0,6.0,0.0,7.399217986314761,5.865102639296188E-4,2.932551319648094E-4,1.9550342130987292E-4,51862
5.0,40,1.0,3.0,-6.0,6.0,0.0,7.309970674486803,9.775171065493646E-5,0.0,0.0,25984
5.0,60,1.0,3.0,-6.0,6.0,0.0,7.297556207233627,1.9550342130987292E-4,0.0,2.932551319648094E-4,37898
5.0,80,1.0,3.0,-6.0,6.0,0.0,7.3019550342130985,1.9550342130987292E-4,4.887585532746823E-4,2.932551319648094E-4,50438
5.0,40,0.5,3.5,-6.0,6.0,0.0,7.317693059628543,2.932551319648094E-4,9.775171065493646E-5,9.775171065493646E-5,25323
5.0,60,0.5,3.5,-6.0,6.0,0.0,7.313782991202346,4.887585532746823E-4,1.9550342130987292E-4,9.775171065493646E-5,37882
5.0,80,0.5,3.5,-6.0,6.0,0.0,7.212903225806452,4.887585532746823E-4,1.9550342130987292E-4,1.9550342130987292E-4,50094
5.0,40,0.0,4.0,-6.0,6.0,0.0,7.195992179863148,1.9550342130987292E-4,3.9100684261974585E-4,1.9550342130987292E-4,22038
5.0,60,0.0,4.0,-6.0,6.0,0.0,7.2105571847507335,3.9100684261974585E-4,5.865102639296188E-4,2.932551319648094E-4,33397
5.0,80,0.0,4.0,-6.0,6.0,0.0,7.138220918866081,9.775171065493646E-4,6.842619745845552E-4,9.775171065493646E-5,43991
10.0,40,2.0,2.0,-4.0,4.0,1.0,27.33108504398827,0.6973607038123167,0.08269794721407625,0.02541544477028348,123538
10.0,60,2.0,2.0,-4.0,4.0,1.0,26.295112414467255,0.7509286412512219,0.06823069403714566,0.019159335288367548,157088
10.0,80,2.0,2.0,-4.0,4.0,1.0,25.726881720430107,0.7975562072336266,0.051417399804496576,0.013098729227761487,206893
10.0,40,1.75,2.25,-4.0,4.0,1.0,25.36158357771261,0.6134897360703813,0.08005865102639297,0.02756598240469208,101328
10.0,60,1.75,2.25,-4.0,4.0,1.0,24.563929618768327,0.6748778103616814,0.06852394916911046,0.020821114369501466,148351
10.0,80,1.75,2.25,-4.0,4.0,1.0,24.23880742913001,0.7193548387096774,0.05923753665689149,0.013196480938416423,191559
10.0,40,1.5,2.5,-4.0,4.0,1.0,22.317693059628542,0.48778103616813295,0.07331378299120235,0.02678396871945259,88449
10.0,60,1.5,2.5,-4.0,4.0,1.0,21.786217008797653,0.5465298142717497,0.05826001955034213,0.01827956989247312,129907
10.0,80,1.5,2.5,-4.0,4.0,1.0,21.39960899315738,0.5835777126099707,0.050733137829912026,0.01407624633431085,172183
10.0,40,1.0,3.0,-4.0,4.0,1.0,13.709970674486804,0.1640273704789834,0.026979472140762465,0.010263929618768328,58013
10.0,60,1.0,3.0,-4.0,4.0,1.0,13.335777126099707,0.17898338220918866,0.021407624633431085,0.006549364613880743,84169
10.0,80,1.0,3.0,-4.0,4.0,1.0,13.03147605083089,0.1826001955034213,0.0187683284457478,0.005474095796676442,111503
10.0,40,0.5,3.5,-4.0,4.0,1.0,9.637145650048875,0.025708699902248288,0.004007820136852395,0.0024437927663734115,42446
10.0,60,0.5,3.5,-4.0,4.0,1.0,9.36774193548387,0.017204301075268817,0.0024437927663734115,0.0011730205278592375,62415
10.0,80,0.5,3.5,-4.0,4.0,1.0,9.310654936461388,0.015444770283479962,0.0022482893450635386,7.820136852394917E-4,82990
10.0,40,0.0,4.0,-4.0,4.0,1.0,9.374780058651027,0.015835777126099706,0.0033235581622678397,0.0018572825024437928,41540
10.0,60,0.0,4.0,-4.0,4.0,1.0,9.255718475073314,0.01407624633431085,0.0016617790811339198,9.775171065493646E-4,61553
10.0,80,0.0,4.0,-4.0,4.0,1.0,9.17126099706745,0.010459433040078202,0.0020527859237536657,6.842619745845552E-4,81658
10.0,40,2.0,2.0,-6.0,6.0,1.0,20.20439882697947,0.36930596285434997,0.04701857282502444,0.015249266862170088,80854
10.0,60,2.0,2.0,-6.0,6.0,1.0,19.96578690127077,0.41700879765395893,0.04115347018572825,0.010557184750733138,120662
10.0,80,2.0,2.0,-6.0,6.0,1.0,19.652590420332356,0.4418377321603128,0.03294232649071359,0.010459433040078202,159395
10.0,40,1.75,2.25,-6.0,6.0,1.0,16.912512218963833,0.25718475073313785,0.03675464320625611,0.01163245356793744,69824
10.0,60,1.75,2.25,-6.0,6.0,1.0,16.48533724340176,0.2859237536656892,0.02844574780058651,0.00997067448680352,101495
10.0,80,1.75,2.25,-6.0,6.0,1.0,16.41739980449658,0.3052785923753666,0.02795698924731183,0.008895405669599218,135876
10.0,40,1.5,2.5,-6.0,6.0,1.0,13.49960899315738,0.14330400782013686,0.02316715542521994,0.0093841642228739,56388
10.0,60,1.5,2.5,-6.0,6.0,1.0,13.019550342130987,0.15131964809384163,0.017008797653958945,0.006744868035190616,81151
10.0,80,1.5,2.5,-6.0,6.0,1.0,12.87859237536657,0.1610948191593353,0.013391984359726295,0.00469208211143695,107501
10.0,40,1.0,3.0,-6.0,6.0,1.0,9.842717497556206,0.025806451612903226,0.004398826979472141,0.002150537634408602,42781
10.0,60,1.0,3.0,-6.0,6.0,1.0,9.581720430107527,0.021407624633431085,0.0033235581622678397,0.001270772238514174,62464
10.0,80,1.0,3.0,-6.0,6.0,1.0,9.411730205278593,0.017302052785923755,0.0020527859237536657,0.001270772238514174,83127
10.0,40,0.5,3.5,-6.0,6.0,1.0,9.510166177908113,0.015053763440860216,0.0033235581622678397,0.001270772238514174,41495
10.0,60,0.5,3.5,-6.0,6.0,1.0,9.311339198435972,0.010948191593352884,0.0026392961876832845,8.797653958944282E-4,61838
10.0,80,0.5,3.5,-6.0,6.0,1.0,9.204203323558163,0.008113391984359727,0.001270772238514174,0.0013685239491691105,80269
10.0,40,0.0,4.0,-6.0,6.0,1.0,9.470869990224829,0.011730205278592375,0.0033235581622678397,0.001270772238514174,41615
10.0,60,0.0,4.0,-6.0,6.0,1.0,9.278885630498534,0.009481915933528836,0.0020527859237536657,0.0015640273704789834,61156
10.0,80,0.0,4.0,-6.0,6.0,1.0,9.212023460410558,0.008895405669599218,0.0013685239491691105,8.797653958944282E-4,80515
10.0,40,2.0,2.0,-4.0,4.0,0.75,27.370967741935484,0.057869012707722385,0.041544477028347994,0.033235581622678395,109157
10.0,60,2.0,2.0,-4.0,4.0,0.75,27.230987292277614,0.0935483870967742,0.07086999022482894,0.0541544477028348,162800
10.0,80,2.0,2.0,-4.0,4.0,0.75,27.234310850439883,0.14144672531769306,0.08924731182795699,0.06637341153470186,217925
10.0,40,1.75,2.25,-4.0,4.0,0.75,27.24633431085044,0.0772238514173998,0.05180840664711633,0.03939393939393939,108702
10.0,60,1.75,2.25,-4.0,4.0,0.75,27.077321603128055,0.11730205278592376,0.0804496578690127,0.059628543499511244,162103
10.0,80,1.75,2.25,-4.0,4.0,0.75,26.996480938416422,0.16549364613880743,0.10742913000977516,0.07869012707722385,214879
10.0,40,1.5,2.5,-4.0,4.0,0.75,26.988660801564027,0.0801564027370479,0.06217008797653959,0.04232649071358749,109552
10.0,60,1.5,2.5,-4.0,4.0,0.75,26.777126099706745,0.13460410557184752,0.09217986314760508,0.06852394916911046,160670
10.0,80,1.5,2.5,-4.0,4.0,0.75,26.66412512218964,0.1935483870967742,0.11700879765395894,0.08220918866080157,216697
10.0,40,1.0,3.0,-4.0,4.0,0.75,26.34535679374389,0.09608993157380254,0.070772238514174,0.05180840664711633,106227
10.0,60,1.0,3.0,-4.0,4.0,0.75,25.965493646138807,0.1710654936461388,0.09521016617790812,0.06999022482893451,9484311
10.0,80,1.0,3.0,-4.0,4.0,0.75,25.713391984359728,0.2270772238514174,0.12404692082111438,0.08084066471163245,206224
10.0,40,0.5,3.5,-4.0,4.0,0.75,24.851612903225806,0.10312805474095797,0.06774193548387097,0.05268817204301075,99180
10.0,60,0.5,3.5,-4.0,4.0,0.75,24.450048875855327,0.16666666666666666,0.10254154447702835,0.06735092864125122,146263
10.0,80,0.5,3.5,-4.0,4.0,0.75,23.960703812316716,0.22913000977517106,0.11739980449657869,0.07878787878787878,195711
10.0,40,0.0,4.0,-4.0,4.0,0.75,20.635679374389053,0.07810361681329424,0.049560117302052786,0.03900293255131965,85570
10.0,60,0.0,4.0,-4.0,4.0,0.75,20.143988269794722,0.12531769305962853,0.07605083088954057,0.04711632453567938,123886
10.0,80,0.0,4.0,-4.0,4.0,0.75,19.36969696969697,0.16666666666666666,0.07781036168132942,0.05386119257086999,157622
10.0,40,2.0,2.0,-6.0,6.0,0.75,28.076441837732162,0.061485826001955034,0.043792766373411535,0.03900293255131965,111238
10.0,60,2.0,2.0,-6.0,6.0,0.75,27.786021505376343,0.1050830889540567,0.06871945259042034,0.056109481915933526,165732
10.0,80,2.0,2.0,-6.0,6.0,0.75,27.86314760508309,0.14408602150537633,0.09608993157380254,0.06852394916911046,221277
10.0,40,1.75,2.25,-6.0,6.0,0.75,27.99423264907136,0.07605083088954057,0.05161290322580645,0.04418377321603128,112451
10.0,60,1.75,2.25,-6.0,6.0,0.75,27.693743890518085,0.12082111436950146,0.0820136852394917,0.06373411534701857,169040
10.0,80,1.75,2.25,-6.0,6.0,0.75,27.494134897360702,0.16803519061583577,0.10381231671554252,0.07644183773216032,220720
10.0,40,1.5,2.5,-6.0,6.0,0.75,27.26891495601173,0.0820136852394917,0.061485826001955034,0.04408602150537634,111850
10.0,60,1.5,2.5,-6.0,6.0,0.75,27.393352883675465,0.14193548387096774,0.09032258064516129,0.06744868035190615,168651
10.0,80,1.5,2.5,-6.0,6.0,0.75,27.25865102639296,0.1973607038123167,0.11681329423264906,0.08181818181818182,218345
10.0,40,1.0,3.0,-6.0,6.0,0.75,26.62991202346041,0.1010752688172043,0.06647116324535679,0.05571847507331378,107972
10.0,60,1.0,3.0,-6.0,6.0,0.75,26.390127077223852,0.16930596285434996,0.09648093841642229,0.07253176930596285,157978
10.0,80,1.0,3.0,-6.0,6.0,0.75,26.1188660801564,0.23255131964809383,0.1235581622678397,0.08435972629521017,210056
10.0,40,0.5,3.5,-6.0,6.0,0.75,24.086119257087,0.10410557184750734,0.06392961876832845,0.04721407624633431,98019
10.0,60,0.5,3.5,-6.0,6.0,0.75,23.9733137829912,0.16314760508308895,0.09032258064516129,0.06774193548387097,145211
10.0,80,0.5,3.5,-6.0,6.0,0.75,23.584261974584557,0.22473118279569892,0.110752688172043,0.06813294232649071,187976
10.0,40,0.0,4.0,-6.0,6.0,0.75,18.80117302052786,0.07038123167155426,0.044379276637341154,0.031085043988269796,77462
10.0,60,0.0,4.0,-6.0,6.0,0.75,18.01876832844575,0.10713587487781036,0.05806451612903226,0.03773216031280548,118428
10.0,80,0.0,4.0,-6.0,6.0,0.75,17.72756598240469,0.14535679374389052,0.06979472140762463,0.040957966764418374,161674
10.0,40,2.0,2.0,-4.0,4.0,0.5,22.482697947214078,0.004887585532746823,0.003812316715542522,0.0026392961876832845,102651
10.0,60,2.0,2.0,-4.0,4.0,0.5,22.63147605083089,0.0064516129032258064,0.005278592375366569,0.004496578690127077,145094
10.0,80,2.0,2.0,-4.0,4.0,0.5,22.574389051808406,0.009286412512218964,0.00909090909090909,0.007429130009775171,56845021
10.0,40,1.75,2.25,-4.0,4.0,0.5,22.549169110459435,0.004105571847507331,0.003812316715542522,0.0037145650048875855,88813
10.0,60,1.75,2.25,-4.0,4.0,0.5,22.66392961876833,0.006940371456500489,0.007722385141739981,0.0064516129032258064,135631
10.0,80,1.75,2.25,-4.0,4.0,0.5,22.644477028347996,0.010557184750733138,0.00997067448680352,0.008895405669599218,203032
10.0,40,1.5,2.5,-4.0,4.0,0.5,22.43450635386119,0.005278592375366569,0.0037145650048875855,0.004105571847507331,103834
10.0,60,1.5,2.5,-4.0,4.0,0.5,22.56451612903226,0.007526881720430108,0.006744868035190616,0.0062561094819159335,142007
10.0,80,1.5,2.5,-4.0,4.0,0.5,22.567839687194525,0.015835777126099706,0.010752688172043012,0.010361681329423266,190537
10.0,40,1.0,3.0,-4.0,4.0,0.5,22.276930596285435,0.007526881720430108,0.005865102639296188,0.005962854349951125,91303
10.0,60,1.0,3.0,-4.0,4.0,0.5,22.31270772238514,0.010948191593352884,0.010361681329423266,0.009286412512218964,144700
10.0,80,1.0,3.0,-4.0,4.0,0.5,22.467741935483872,0.01847507331378299,0.017008797653958945,0.013489736070381233,175952
10.0,40,0.5,3.5,-4.0,4.0,0.5,22.014565004887586,0.007722385141739981,0.005962854349951125,0.006842619745845552,85886
10.0,60,0.5,3.5,-4.0,4.0,0.5,21.88455522971652,0.015542521994134898,0.013489736070381233,0.011827956989247311,22439169
10.0,80,0.5,3.5,-4.0,4.0,0.5,22.026979472140763,0.020332355816226784,0.017497556207233627,0.015933528836754644,176632
10.0,40,0.0,4.0,-4.0,4.0,0.5,21.33088954056696,0.007429130009775171,0.00635386119257087,0.006744868035190616,83601
10.0,60,0.0,4.0,-4.0,4.0,0.5,21.218768328445748,0.017008797653958945,0.014565004887585532,0.01133919843597263,125888
10.0,80,0.0,4.0,-4.0,4.0,0.5,21.124633431085044,0.024144672531769305,0.020918866080156404,0.01857282502443793,164327
10.0,40,2.0,2.0,-6.0,6.0,0.5,22.965689149560117,0.004105571847507331,0.002346041055718475,0.0035190615835777126,91024
10.0,60,2.0,2.0,-6.0,6.0,0.5,22.948778103616814,0.005962854349951125,0.0062561094819159335,0.005767350928641252,137625
10.0,80,2.0,2.0,-6.0,6.0,0.5,22.832649071358748,0.00801564027370479,0.008308895405669599,0.007722385141739981,185925
10.0,40,1.75,2.25,-6.0,6.0,0.5,22.72991202346041,0.003421309872922776,0.0035190615835777126,0.002932551319648094,90671
10.0,60,1.75,2.25,-6.0,6.0,0.5,22.797165200391007,0.008211143695014663,0.007135874877810362,0.008113391984359727,134612
10.0,80,1.75,2.25,-6.0,6.0,0.5,22.90234604105572,0.011730205278592375,0.010166177908113392,0.010557184750733138,179750
10.0,40,1.5,2.5,-6.0,6.0,0.5,22.755620723362657,0.0039100684261974585,0.005376344086021506,0.004594330400782014,89638
10.0,60,1.5,2.5,-6.0,6.0,0.5,22.74076246334311,0.009481915933528836,0.00801564027370479,0.007331378299120235,134245
10.0,80,1.5,2.5,-6.0,6.0,0.5,22.89882697947214,0.012609970674486803,0.011730205278592375,0.010948191593352884,179999
10.0,40,1.0,3.0,-6.0,6.0,0.5,22.626099706744867,0.0064516129032258064,0.0062561094819159335,0.004496578690127077,91137
10.0,60,1.0,3.0,-6.0,6.0,0.5,22.62434017595308,0.011241446725317693,0.010068426197458456,0.010752688172043012,138421
10.0,80,1.0,3.0,-6.0,6.0,0.5,22.581915933528837,0.01436950146627566,0.017204301075268817,0.012805474095796677,185691
10.0,40,0.5,3.5,-6.0,6.0,0.5,22.253567937438905,0.008211143695014663,0.006744868035190616,0.005962854349951125,93973
10.0,60,0.5,3.5,-6.0,6.0,0.5,22.37898338220919,0.012903225806451613,0.012805474095796677,0.01133919843597263,138288
10.0,80,0.5,3.5,-6.0,6.0,0.5,22.276148582600197,0.02287390029325513,0.016226783968719453,0.015151515151515152,177777
10.0,40,0.0,4.0,-6.0,6.0,0.5,21.613000977517107,0.00801564027370479,0.006842619745845552,0.007038123167155425,86057
10.0,60,0.0,4.0,-6.0,6.0,0.5,21.493841642228737,0.01436950146627566,0.012218963831867057,0.01163245356793744,129435
10.0,80,0.0,4.0,-6.0,6.0,0.5,21.399511241446724,0.023362658846529813,0.021896383186705767,0.016813294232649073,168854
10.0,40,2.0,2.0,-4.0,4.0,0.25,19.609579667644184,0.0011730205278592375,6.842619745845552E-4,8.797653958944282E-4,77834
10.0,60,2.0,2.0,-4.0,4.0,0.25,19.885826001955035,0.0015640273704789834,0.0015640273704789834,9.775171065493646E-4,119171
10.0,80,2.0,2.0,-4.0,4.0,0.25,19.872140762463342,0.0017595307917888563,0.002541544477028348,0.0015640273704789834,157763
10.0,40,1.75,2.25,-4.0,4.0,0.25,19.74173998044966,0.0016617790811339198,6.842619745845552E-4,5.865102639296188E-4,81315
